bonafide_stem,times_used_in_morphs
img000184,2
img000270,5
img000446,5
img000650,2
img000663,5
img000679,5
img000836,5
img001448,5
img001522,3
img001584,5
img001598,3
img001621,2
img001636,4
img001972,5
img002164,4
img002266,5
img002514,3
img002650,4
img003217,4
img003626,4
img003712,4
img003741,4
img003761,4
img003764,3
img003861,3
img003864,4
img003997,5
img004004,4
img004152,5
img004302,5
img004774,2
img004845,5
img004962,5
img005078,4
img005182,2
img005258,4
img005437,2
img005623,5
img005893,4
img006201,5
img006284,1
img006350,4
img006830,5
img006928,3
img006972,5
img007033,5
img007360,4
img007459,3
img007560,5
img007761,5
img007787,5
img007848,3
img007879,5
img008070,1
img008196,5
img008243,5
img008415,2
img008542,3
img008740,5
img008757,3
img008761,5
img008918,4
img009454,5
img009751,4
img009759,3
img010065,5
img010193,4
img010203,1
img010219,4
img010221,4
img010525,3
img010704,5
img011162,3
img011389,4
img011595,2
img012026,2
img012304,4
img012367,5
img012398,4
img012422,3
img012448,5
img012504,5
img012520,5
img012592,3
img012633,5
img013191,2
img013818,2
img014121,5
img014146,3
img014199,4
img014497,4
img014539,5
img014710,3
img014744,5
img014865,5
img014981,5
img015144,3
img015670,5
img015702,1
img015892,3
img015955,3
img016271,3
img016278,4
img016448,5
img016523,4
img016595,1
img016726,2
img016797,4
img016800,1
img016812,1
img017127,5
img017325,5
img017464,5
img017522,4
img017873,5
img017915,5
img018103,2
img018198,4
img018247,5
img018332,4
img018507,4
img018603,4
img018739,4
img018757,3
img018805,4
img018860,3
img019064,5
img019159,5
img019324,5
img019342,5
img019465,5
img019551,3
img020577,5
img020660,4
img020994,4
img021032,2
img021237,5
img021290,4
img021360,5
img022524,4
img022606,5
img022787,4
img022864,5
img023009,4
img023167,4
img023266,4
img023372,1
img023394,5
img023705,3
img023727,5
img023889,4
img023976,3
img024016,1
img024139,4
img024163,4
img024923,4
img025148,2
img025184,5
img025290,5
img025373,5
img025420,5
img025476,4
img025579,3
img025777,3
img025914,1
img026304,4
img026432,5
img026576,3
img026651,3
img026781,3
img026889,1
img026965,4
img027152,4
img027191,5
img027485,5
img027492,1
img027620,3
img027805,5
img027821,4
img027982,2
img028272,4
img028313,3
img028431,3
img028630,2
img028638,4
img028657,5
img028872,3
img029033,4
img029237,2
img029333,5
img029386,3
img029396,5
img029621,4
img029639,5
img029812,5
img029896,4
img030071,4
img030097,5
img030169,5
img030308,3
img030353,4
img030362,4
img030552,2
img030789,5
img030943,4
img031043,3
img031363,4
img031634,5
img031737,5
img031749,5
img031765,2
img032314,3
img032598,2
img032612,2
img032793,3
img032921,4
img033026,5
img033251,3
img033492,5
img033568,4
img033668,3
img033790,2
img034006,4
img034072,5
img034260,5
img034376,5
img034429,5
img034445,5
img034558,5
img034732,5
img035202,5
img035361,5
img035560,5
img035672,5
img035897,2
img035920,5
img035933,4
img035941,5
img036183,4
img036306,4
img036325,3
img036640,4
img037044,1
img037202,5
img037586,5
img037980,4
img038026,5
img038084,5
img038389,2
img038407,2
img038490,5
img038519,2
img038560,5
img038741,5
img039014,3
img039337,1
img039538,4
img039772,3
img039799,5
img039811,3
img040136,2
img040310,3
img040381,5
img040473,4
img040682,5
img040997,5
img041187,5
img041190,5
img041337,3
img041355,5
img041358,5
img041691,3
img041776,5
img042037,4
img042144,5
img042329,4
img042378,1
img042434,5
img042465,5
img042917,4
img043073,3
img043077,3
img043265,1
img043369,3
img043402,4
img043412,2
img043429,4
img043566,5
img043682,3
img043765,5
img043873,4
img044257,5
img044878,4
img044925,4
img044974,5
img045044,3
img045093,5
img045176,1
img045258,5
img045507,5
img045595,4
img045751,3
img045775,5
img045793,3
img045853,5
img045901,3
img046175,5
img046209,3
img046470,4
img046494,4
img046545,5
img046560,3
img046856,5
img046891,3
img047387,5
img047395,5
img047517,5
img047896,5
img048038,4
img048354,3
img048870,3
img049000,3
img049344,5
img049376,3
img049449,5
img049531,1
img049535,4
img049624,5
img049653,3
img049843,4
img049856,3
img049949,5
img049979,3
img049988,4
img050265,5
img050337,4
img050636,4
img050688,3
img050715,5
img050772,3
img050973,3
img051014,5
img051392,5
img051608,5
img051871,5
img051940,5
img052254,2
img052258,4
img052332,1
img052335,5
img052345,5
img052520,5
img052559,5
img052562,5
img052578,3
img052579,3
img052911,3
img053152,5
img053162,3
img053211,4
img053355,5
img053573,5
img053641,4
img053703,4
img053749,3
img053829,4
img053911,2
img053942,2
img053969,5
img054223,4
img054318,5
img054336,4
img054553,3444
img054688,4
img054706,4
img054718,5
img054866,5
img054911,4
img055012,3
img055230,5
img055407,4
img055693,4
img055710,5
img055987,3
img056017,4
img056891,5
img057286,4
img057345,5
img057373,5
img057491,3
img057570,5
img057734,5
img057742,4
img058045,4
img058077,5
img058264,5
img058609,5
img058769,2
img058808,3
img058827,2
img058833,2
img058882,1
img058903,4
img058985,4
img059504,5
img059545,4
img059564,5
img059568,4
img059980,5
img060052,5
img060226,3
img060246,5
img060314,5
img060392,4
img060622,3
img061102,3
img061132,5
img061313,5
img061515,4
img061911,2
img062421,5
img062430,4
img062628,2
img062629,5
img062741,3
img062971,5
img063086,5
img063096,3
img063474,5
img063726,5
img063884,3
img063890,5
img063944,5
img064014,4
img064041,1
img064228,3
img064369,4
img064508,4
img064634,3
img064656,3
img064809,5
img064946,4
img065208,5
img065226,3
img065882,5
img065899,3
img065963,4
img066014,5
img066181,3
img066188,5
img066189,4
img066206,3
img066319,1
img066363,5
img066686,5
img066937,5
img067004,4
img067136,4
img067138,4
img067173,4
img067502,3
img067686,4
img067958,4
img067975,3
img068093,5
img068227,5
img068311,5
img068319,4
img068460,5
img068492,4
img068650,4
img068790,4
img068905,4
img068932,4
img068946,5
img069139,3
img069153,5
img069185,4
img069554,5
img069769,3
img069869,4
img069887,4
img070056,5
img070082,5
img070154,4
img070178,5
img070347,5
img070401,4
img070545,5
img070773,1
img070984,5
img071145,5
img071250,5
img071599,5
img071658,5
img071721,5
img071906,5
img071956,3
img072046,4
img072303,4
img072642,3
img072884,5
img073122,5
img073169,3
img073232,2
img073464,4
img073633,3
img073661,5
img073741,5
img074076,5
img074094,3
img074160,4
img074331,3
img074340,5
img074457,4
img074472,4
img074607,3
img074687,4
img074714,4
img074841,3
img075083,5
img075093,4
img075401,5
img075505,5
img075632,5
img075687,4
img075777,4
img076056,3
img076192,4
img076238,3
img076327,3
img076336,4
img076379,4
img076430,5
img076439,5
img076474,1
img076489,4
img076831,2
img076888,4
img077008,5
img077084,5
img077115,5
img077174,4
img077232,4
img077246,3
img077363,3
img077479,5
img077582,1
img078482,5
img078590,4
img078595,5
img078690,5
img078738,4
img079266,5
img079312,5
img079422,3
img079485,3
img079540,4
img079551,4
img080278,5
img080978,3
img081351,4
img081358,3
img081730,5
img081849,5
img081856,1
img082058,5
img082424,3
img082433,3
img082446,5
img082608,4
img082710,5
img082898,5
img082939,5
img082945,5
img082977,5
img083066,5
img083285,4
img083369,5
img083438,4
img083517,4
img083572,4
img083915,3
img084274,5
img084515,5
img084779,2
img084806,3
img085199,4
img085396,3
img085439,3
img085453,5
img085469,3
img085572,3
img085582,4
img085860,4
img086170,3
img086739,3
img086794,5
img086882,2
img087025,5
img087167,4
img087211,3
img087416,5
img087440,2
img087497,3
img087545,5
img088294,5
img088375,1
img088597,5
img088718,4
img088914,4
img088972,1
img089036,5
img089133,4
img089495,4
img089721,4
img090360,2
img090952,2
img091098,4
img091145,5
img091222,5
img091268,3
img091279,5
img091316,3
img091333,5
img091513,5
img091569,5
img091901,3
img092002,4
img092130,2
img092251,1
img092287,5
img092721,3
img092789,5
img092824,4
img093333,3
img093362,1
img093505,4
img093689,5
img094012,5
img094316,5
img094420,4
img094534,4
img094761,5
img094846,1
img094909,2
img094916,4
img095190,2
img095412,4
img095610,5
img095716,3
img096042,5
img096202,4
img096244,5
img096291,2
img096653,5
img096804,4
img097035,2
img097053,4
img097054,3
img097062,3
img097180,5
img097246,5
img097329,4
img097401,5
img097493,5
img097610,5
img097684,5
img097962,5
img098143,5
img098324,5
img098444,5
img098649,5
img098916,3
img098958,5
img099044,4
img099085,3
img099198,5
img099208,4
img099545,2173
img099547,2
img099661,2
img099665,5
img099688,1
img099769,5
img099795,3
img099956,5
img100039,4
img100336,3
img100425,2
img100636,3
img100692,3
img100728,5
img100962,5
img100987,5
img101400,4
img101736,3
img101835,5
img102103,4
img102149,4
img102275,3
img102412,4
img102501,3
img102587,4
img102648,1
img102745,1
img102848,3
img102868,4
img103021,5
img103070,4
img103123,3
img103141,5
img103152,5
img103313,4
img103400,5
img103425,5
img103926,5
img104199,4
img104279,3
img104397,3
img104649,4
img104659,3
img105214,2
img105522,1
img105550,3
img105776,5
img105799,5
img105856,5
img105928,5
img105972,3
img106096,5
img106396,5
img106692,1
img106987,5
img107398,2
img107411,5
img107473,5
img107684,4
img107784,4
img107855,4
img107876,3
img108070,1
img108282,5
img108299,5
img108427,5
img108499,5
img108756,5
img108765,5
img108808,5
img108810,4
img108976,3
img109039,4
img109057,4
img109362,5
img109427,4
img109458,3
img109503,5
img110008,5
img110216,2
img110240,3
img110439,5
img110796,4
img110816,3
img110980,1
img110990,2
img111014,4
img111252,4
img111412,5
img111595,4
img112130,3
img112237,5
img112314,4
img112326,5
img112378,4
img112380,2
img112550,3
img112569,4
img112665,5
img112743,5
img112851,2
img112931,5
img113276,5
img113359,2
img113468,2
img113474,5
img113501,5
img113844,4
img113880,3
img114038,5
img114371,2
img114402,4
img114436,5
img114757,4
img114825,5
img115014,5
img115177,4
img115184,5
img115352,4
img115399,2
img115601,2
img115907,2
img115960,5
img116169,5
img116180,4
img116415,4
img116431,4
img116529,4
img116784,5
img117023,5
img117389,1
img117406,5
img117469,4
img117539,4
img117760,5
img117816,4
img118142,4
img118212,3
img118362,4
img118621,5
img118842,5
img119626,5
img119641,4
img119717,3
img119951,5
img120056,4
img120297,4
img120320,5
img120369,2
img120503,5
img120599,5
img120619,4
img120693,4
img120708,5
img120907,4
img120911,2
img121262,5
img121416,4
img121529,1
img121561,2
img121824,3
img122046,5
img122108,4
img122141,1
img122413,5
img122715,4
img122763,4
img122780,4
img122876,4
img123012,1
img123271,4
img123418,2
img123427,4
img123451,4
img123643,4
img123912,5
img123962,5
img124252,5
img124289,5
img124684,2
img124715,4
img124880,3
img125045,4
img125125,3
img125354,4
img125444,4
img125452,4
img125486,5
img125509,3
img125623,3
img125749,5
img125751,1
img125925,2
img125928,4
img125966,4
img126113,3
img126269,4
img126318,3
img126343,3
img126464,4
img126774,3
img127249,3
img127269,4
img127330,4
img127441,5
img127484,5
img127575,4
img127677,5
img127757,2
img127992,5
img128138,3
img128172,3
img128259,5
img128279,5
img128394,4
img128502,2
img128606,3
img128721,5
img129054,3
img129126,4
img129336,1
img129443,5
img129558,4
img129898,2
img130141,4
img130317,4
img130335,3
img130425,3
img130569,4
img130655,4
img130712,4
img130905,3
img131102,5
img131225,5
img131230,4
img131372,3
img131572,5
img131707,4
img131987,4
img132039,3
img132214,5
img132217,5
img132362,2
img132575,5
img132892,5
img132899,3
img132993,4
img133034,5
img133047,4
img133227,1
img133245,4
img133300,5
img133302,3
img133606,3
img133743,4
img133883,2
img134079,4
img134470,3
img134553,5
img134639,5
img134688,5
img134925,4
img135065,5
img135457,5
img135835,5
img135879,5
img136018,5
img136494,5
img136589,3
img136842,5
img136978,5
img137023,2
img137056,2
img137062,5
img137140,2
img137161,4
img137217,5
img137501,5
img137671,4
img137760,5
img137937,4
img137988,5
img138161,4
img138540,3
img138722,5
img138748,5
img138855,3
img138966,3
img139033,5
img139363,2
img139381,3
img139384,5
img139470,4
img139664,4
img139948,5
img140083,3
img140173,3
img140580,2
img140640,4
img140708,5
img140798,5
img141108,2
img141283,2
img141518,4
img141684,3
img141718,4
img142044,5
img142047,5
img142138,5
img142147,5
img142282,4
img142579,3
img143009,3
img143922,2
img144009,5
img144248,5
img144366,4
img144662,5
img144754,1
img144810,3
img144843,3
img145002,5
img145300,4
img145791,4
img146340,4
img146347,4
img146378,5
img146389,4
img146564,2
img146617,5
img146659,1
img146666,5
img146791,3
img146846,4
img146864,4
img146933,5
img147004,4
img147196,5
img147870,5
img147871,5
img147978,1
img148071,5
img148106,5
img148209,4
img148216,5
img148612,4
img148688,5
img149139,5
img149316,5
img149735,3
img149737,4
img149984,5
img150133,3
img150193,5
img150246,3
img150442,3
img150535,5
img150907,5
img151291,4
img151409,3
img151491,4
img151730,1
img151774,5
img151958,4
img152035,3
img152056,3
img152253,5
img152458,1
img152510,3
img152724,5
img152758,4
img152798,5
img152839,5
img153353,5
img153783,3
img153789,5
img154025,5
img154053,5
img154118,3
img154499,3
img154541,4
img154775,2
img155110,5
img155305,5
img155329,5
img155433,4
img155668,2
img155791,3
img155907,4
img155938,5
img156316,5
img156355,4
img156378,3
img156386,4
img156431,2
img156593,4
img156719,5
img156783,3
img156915,5
img157440,5
img157485,4
img157637,4
img157638,4
img157902,4
img158368,2
img158446,2
img158528,1
img158873,5
img159033,4
img159196,4
img159819,1
img160040,3
img160207,1
img160228,5
img160293,3
img160429,5
img160496,5
img160583,4
img160774,2
img160854,4
img160872,5
img160925,1
img160980,4
img161107,5
img161117,5
img161127,5
img161193,2
img161200,5
img161238,3
img161242,3
img161479,4
img161753,4
img161993,5
img162143,5
img162222,5
img162345,4
img162824,3
img162853,4
img162897,5
img162995,5
img163184,3
img163284,1
img163663,3
img163771,2
img164043,4
img164069,5
img164075,5
img164274,4
img164406,4
img164418,4
img164440,5
img164523,3
img164553,5
img164659,2
img164705,4
img164740,5
img164925,4
img165013,4
img165130,5
img165189,3
img165218,4
img165316,4
img165549,5
img165652,5
img165716,5
img166101,5
img166185,3
img166401,3
img166443,2
img166704,1
img166784,2
img166904,5
img167087,3
img167090,5
img167112,5
img167192,5
img167350,5
img167496,5
img167570,4
img167592,3
img167612,5
img167778,3
img167930,5
img167991,5
img168114,5
img168378,2
img168443,4
img168572,5
img168620,4
img168802,3
img168916,5
img168951,5
img168952,5
img168954,5
img169218,4
img169372,5
img169774,3
img169846,1
img169890,5
img170040,3
img170048,3
img170100,5
img170401,4
img170410,5
img170567,4
img170618,4
img170692,3
img170773,3
img170789,4
img170875,4
img170906,5
img171018,5
img171274,5
img171379,5
img171632,4
img171709,4
img171764,5
img171795,4
img171849,5
img171876,3
img171900,5
img171939,2
img171957,3
img172279,4
img172446,5
img172808,2
img173148,4
img173151,1
img173236,2
img173885,4
img174120,3
img174262,5
img174283,5
img174315,2
img174354,4
img174515,2
img174552,4
img174597,5
img174661,5
img174813,1
img174856,5
img175018,4
img175073,3
img175433,5
img175487,2
img175724,5
img175995,3
img176110,1
img176197,1
img176324,1
img176467,4
img176678,5
img176838,5
img176875,5
img177040,3
img177069,5
img177106,5
img177158,4
img177168,5
img177242,5
img177352,4
img177381,4
img177461,3
img177740,4
img178132,4
img178490,5
img178519,5
img178598,2
img178607,3
img178689,3
img178768,3
img178792,4
img178829,3
img178876,5
img178998,5
img179016,5
img179089,5
img179193,2
img179446,5
img179545,5
img179614,5
img179662,4
img179676,5
img179955,5
img180009,2
img180319,5
img180522,4
img180624,4
img180663,5
img180733,2
img180934,2
img181012,2
img181388,5
img181402,3
img181508,4
img181538,3
img182268,5
img182425,4
img182448,5
img182564,3
img182603,4
img182887,5
img183055,5
img183286,5
img183799,5
img183902,5
img183957,5
img183981,3
img184022,4
img184063,5
img184388,5
img184406,5
img184786,5
img184947,5
img185015,5
img185048,3
img185138,5
img185197,5
img185241,4
img185369,5
img185588,5
img185638,4
img185748,5
img185751,4
img186095,4
img186272,4
img186458,5
img186658,4
img186803,4
img186810,2
img187056,5
img187090,4
img187432,5
img188189,2
img188321,2
img188503,3
img188619,5
img188674,3
img188711,5
img188712,5
img189119,5
img189293,5
img189304,5
img189495,4
img189608,4
img189700,5
img190128,5
img190209,4
img190330,3
img190636,5
img190828,2
img191350,4
img191362,4
img191482,3
img191483,2
img191593,3
img191872,3
img192227,3
img192275,4
img192362,4
img192369,5
img192533,5
img192631,3
img192721,5
img192739,5
img192798,1
img192826,4
img192853,5
img192935,4
img193066,1
img193102,5
img193156,5
img193548,3
img194263,5
img194347,5
img194457,4
img194539,1
img194558,4
img194560,5
img194577,4
img194928,3
img194965,2
img195162,5
img195269,2
img195577,5
img195956,5
img195978,4
img195982,4
img195997,4
img196023,5
img196053,1
img196090,5
img196104,4
img196314,5
img196317,4
img196586,4
img196587,4
img196621,5
img196892,3
img197042,2
img197096,4
img197453,4
img197603,4
img197667,2
img197744,5
img197770,2
img197787,4
img197883,5
img198110,5
img198208,3
img198713,2
img199024,4
img199164,5
img199330,3
img199443,1
img199565,4
img199569,5
img199857,5
img199858,4
img199917,5
img199941,3
img200036,4
img200383,4
img200558,4
img200592,4
img200701,5
img200703,4
img200852,5
img201133,5
img201597,1
img201603,3
img201697,5
img201741,5
img201882,4
img202086,5
img202096,5
img202269,5
img202395,3
img202607,3
img202849,4
img202930,5
img203207,4
img203251,5
img203432,2
img203668,2
img203987,5
img204112,4
img204472,4
img204637,4
img204934,3
img205397,5
img205419,5
img205719,5
img205723,4
img205762,3
img206084,5
img206203,5
img206220,2
img206380,3
img206534,5
img206555,4
img206563,4
img206626,4
img206654,3
img206785,3
img206817,3
img206864,5
img207318,5
img207346,3
img207565,4
img207609,5
img207743,5
img207781,3
img207851,1
img208149,4
img208200,5
img208238,3
img208349,5
img208397,4
img208526,5
img208673,4
img208816,4
img208909,5
img209409,5
img209592,5
img209756,5
img209827,5
img209892,1
img209937,2
img210080,3
img210298,5
img210327,1
img210356,3
img210802,3
img211069,3
img211179,5
img211332,4
img211684,5
img211787,4
img211996,1
img212489,5
img212638,3
img213126,5
img213240,3
img213244,5
img213245,5
img213320,5
img213543,5
img213951,3
img214101,5
img214218,4
img214322,5
img214408,3
img214413,3
img214418,3
img214540,3
img214600,5
img214635,4
img214839,3
img215124,5
img215283,5
img215317,4
img215440,4
img215928,4
img216126,2
img216424,4
img216438,4
img216615,4
img216651,5
img216753,5
img216907,1
img216958,5
img217428,4
img217537,5
img217573,4
img217623,4
img217658,5
img217735,5
img217816,3
img217835,2
img217951,5
img217968,5
img217983,5
img218128,5
img218198,2
img218555,5
img218600,5
img218608,5
img218799,4
img218974,5
img219023,4
img219157,4
img219218,2
img219351,2
img219499,1
img219562,3
img219659,5
img219741,3
img220094,4
img220179,4
img220452,4
img220490,5
img221353,3
img221690,4
img222032,4
img222264,4
img222393,4
img222524,5
img222774,5
img222872,3
img222974,5
img223220,5
img223252,5
img223332,5
img223557,4
img223634,5
img223690,4
img223783,2
img223869,3
img223957,2
img224026,3
img224032,4
img224297,3
img224319,5
img224685,2
img225170,4
img225567,5
img225663,4
img225837,5
img225857,5
img225877,3
img225885,3
img225888,4
img225936,3
img226029,1
img226223,4
img226251,5
img226301,5
img226626,5
img226728,5
img226757,5
img226783,5
img226814,4
img227222,4
img227254,5
img227310,5
img227351,5
img227421,3
img227787,5
img228060,2
img228101,3
img228147,5
img228196,3
img228216,5
img228383,4
img228491,3
img228551,4
img228563,4
img228639,3
img228816,1
img228967,3
img228983,4
img229346,4
img229792,1
img229813,5
img229979,5
img230034,5
img230103,5
img230143,4
img230339,5
img230602,5
img230636,3
img230689,4
img230812,3
img230821,3
img230932,1
img230992,1
img231304,3
img231359,4
img231429,2
img231517,5
img231548,5
img231555,5
img231665,5
img231789,2
img231872,3
img231876,2
img232001,3
img232153,5
img232362,4
img232383,5
img232597,5
img232650,5
img232756,5
img232790,5
img232992,3
img233112,4
img233363,4
img233425,1
img233759,1
img233828,5
img233832,4
img233913,5
img233925,5
img234099,4
img234123,5
img234224,4
img234547,4
img234688,4
img234704,5
img234761,5
img234777,3
img234939,4
img235034,5
img235237,3
img235402,3
img235417,4
img235600,4
img235763,5
img235789,2
img236037,2
img236242,3
img236584,5
img236703,4
img237257,3
img237274,2
img237311,4
img237404,2
img237451,3
img237582,3
img237721,4
img237797,2
img238000,2
img238169,5
img238182,4
img238341,4
img238716,5
img238844,4
img239058,2
img239065,4
img239137,4
img239518,1
img239891,5
img239971,5
img240318,4
img240389,3
img240790,5
img240868,3
img241134,2
img242000,5
img242295,5
img242379,4
img242501,5
img242514,4
img242671,5
img242966,3
img243121,3
img243134,2
img243484,5
img243522,5
img243608,5
img243619,5
img243659,5
img243855,5
img243907,3
img244073,5
img244264,4
img244269,2
img244274,3
img244286,4
img244433,1
img244505,4
img244682,5
img244697,5
img244864,3
img244980,2
img244993,4
img245042,5
img245148,5
img245150,3
img245170,5
img245241,4
img245249,4
img245528,4
img245647,4
img245921,4
img245983,4
img246172,5
img246179,5
img246317,5
img246460,5
img246685,5
img246735,4
img247091,3
img247135,4
img247422,5
img247557,4
img247577,4
img247600,5
img247832,2
img248053,5
img248110,5
img248966,5
img249031,4
img249113,3
img249175,5
img249306,5
img249446,4
img249751,5
img250032,5
img250087,5
img250138,5
img250320,5
img250387,4
img250512,5
img250560,5
img250707,5
img250795,4
img250810,4
img251193,4
img251299,5
img251351,4
img251371,3
img251642,5
img251711,5
img251728,5
img251753,5
img251934,5
img252007,2
img252031,5
img252560,2
img252561,5
img252624,3
img252642,2
img252735,4
img253160,4
img253976,3
img253997,5
img254009,5
img254151,3
img254249,4
img254297,4
img254354,5
img254358,4
img254774,3
img254940,5
img255072,4
img255191,5
img255411,4
img255644,5
img255750,5
img255823,5
img256000,5
img256134,1
img256166,4
img256394,3
img256400,4
img256430,5
img256479,5
img256541,5
img256626,5
img256741,1
img257161,5
img257190,5
img257308,4
img257314,5
img257498,4
img257600,5
img257620,4
img257762,3
img257859,5
img257998,5
img258104,4
img258373,2
img258376,3
img258380,4
img258519,4
img258555,4
img258884,5
img259146,5
img259208,4
img259543,1
img259557,4
img259564,5
img260009,5
img260648,1
img260693,3
img260700,4
img260802,4
img260847,5
img261020,5
img261613,4
img261771,2
img261873,4
img261908,4
img261912,3
img261981,3
img262298,4
img262459,5
img262479,5
img262497,4
img262541,5
img262614,2
img262723,4
img262829,4
img262914,3
img263106,4
img263397,4
img263410,3
img263528,4
img263765,2
img263905,3
img264041,2
img264074,4
img264239,5
img264323,5
img264448,5
img264894,2
img264944,5
img265006,5
img265079,4
img265355,4
img265491,5
img265618,4
img265670,5
img265761,3
img265836,5
img265936,1
img265965,5
img266031,3
img266159,3
img266317,4
img266522,5
img266587,3
img266616,3
img266659,4
img266826,4
img267142,5
img267175,3
img267359,4
img267361,5
img267545,5
img267632,5
img267974,4
img268007,1
img268032,5
img268213,2
img268216,1
img268621,4
img269004,3
img269073,3
img269138,1
img269698,4
img269752,5
img269930,3
img270124,5
img270151,5
img270261,5
img270414,4
img270465,2
img270577,5
img270634,2
img270715,5
img270837,4
img271236,5
img271540,3
img271618,3
img271664,5
img271759,5
img272080,5
img272277,3
img272807,4
img273416,3
img273753,2
img273787,2
img273871,5
img274048,5
img274085,4
img274139,3
img274145,1
img274178,4
img274197,5
img274581,3
img274632,5
img274644,4
img274865,5
img275321,5
img275535,4
img275655,3
img275760,5
img275930,5
img276362,5
img276595,4
img276714,1
img276953,4
img277074,5
img277115,4
img277480,5
img277482,3
img277540,3
img277643,2
img277726,5
img278008,5
img278714,3
img278885,2
img279062,4
img279285,5
img279444,5
img279492,4
img279703,5
img279767,5
img280147,3
img280153,4
img280292,4
img280417,3
img280547,5
img280597,2
img280674,5
img280790,5
img280882,1
img280907,4
img280938,5
img280966,3
img281083,2
img281085,5
img281333,2
img281588,5
img281634,4
img281851,5
img282038,3310
img282066,5
img282081,1
img282161,4
img282187,4
img282246,4
img282545,5
img282565,4
img282606,3
img282726,3
img282741,3
img282990,5
img283220,3
img283255,5
img283276,5
img283277,3
img283359,4
img283420,4
img283487,5
img283518,5
img283546,5
img283906,4
img283972,1
img284171,5
img284403,4
img284675,5
img284856,5
img285014,2
img285024,4
img285143,3
img285934,3
img286087,3
img286374,4
img286409,3
img286723,5
img286905,5
img287045,1
img287311,5
img287325,3
img287813,2
img288210,2
img288385,4
img288472,2
img288717,5
img288812,5
img288880,4
img288883,5
img289023,4
img289289,5
img289523,5
img289562,5
img289699,4
img290267,3
img290330,2
img290443,4
img290560,2
img290576,4
img290682,5
img290859,3
img291081,5
img291127,3
img291219,2
img291249,1
img291646,4
img291760,4
img291886,4
img291895,1
img292136,5
img292276,4
img292518,3
img292696,4
img292744,4
img292814,5
img292839,5
img293051,3
img293189,4
img293258,4
img293357,5
img293455,4
img293653,5
img293927,2
img293932,5
img293935,5
img294055,5
img294341,5
img294636,5
img294762,4
img295162,5
img295170,4
img295248,4
img295441,5
img295643,4
img295677,3
img295832,4
img296129,3
img296216,1
img296453,3
img296652,3
img297048,3
img297136,5
img297155,4
img297206,3
img297540,5
img297543,1
img297669,3
img297737,5
img297755,5
img297781,5
img297808,4
img297860,4
img297881,3
img298267,5
img298311,1
img298469,1
img298512,4
img298521,4
img298553,5
img298622,2
img298723,5
img298791,5
img298913,5
img298979,5
img299158,5
img299190,4
img299223,4
img299227,4
img299242,5
img300155,5
img300500,5
img300654,4
img300709,5
img300845,3
img301245,3
img301250,4
img301352,3
img301491,5
img301759,1
img301781,2
img301828,4
img301957,5
img302358,5
img302583,4
img302794,5
img303188,4
img303550,4
img303556,5
img303617,5
img303696,4
img304050,4
img304427,5
img304704,5
img304890,3
img305070,5
img305228,4
img305396,5
img305397,5
img305442,4
img305483,5
img305495,5
img305513,2
img305813,5
img305835,4
img305904,3
img306170,4
img306239,5
img306285,5
img306289,4
img306333,5
img306427,3
img306475,5
img306499,5
img306664,4
img306843,3
img307229,4
img307234,5
img307457,5
img307525,5
img307575,3
img307970,3
img308041,4
img308104,3
img308425,5
img308660,4
img309046,4
img309472,5
img309565,4
img309665,5
img309738,2
img309739,5
img309826,4
img309951,4
img310041,3
img310075,4
img310188,4
img310215,5
img310218,3
img310244,5
img310320,5
img310517,4
img311099,4
img311224,3
img311280,4
img311494,5
img311509,4
img311599,5
img311709,5
img311737,4
img311848,5
img312016,2
img312123,4
img312202,5
img312561,5
img312626,4
img312775,5
img312902,4
img312933,5
img312979,2
img313253,4
img313359,4
img313570,4
img313650,4
img313657,2
img314389,4
img314466,5
img314493,4
img314557,4
img314672,4
img314804,5
img314833,5
img314857,5
img314870,3
img314935,5
img315039,4
img315133,5
img315400,4
img315457,3
img315616,4
img315719,5
img315892,4
img316315,5
img316682,4
img316707,4
img316809,4
img316954,4
img317167,5
img317220,5
img317564,3
img317581,5
img317791,5
img317983,2
img318019,5
img318184,4
img318434,5
img318732,4
img318946,5
img319120,5
img319308,5
img319418,2
img319608,4
img319659,4
img319680,5
img319850,3
img319899,4
img320097,5
img320324,1
img320386,5
img320524,5
img320557,2
img320641,3
img320800,3
img321173,3
img321330,4
img321406,3
img322077,3
img322116,5
img322288,5
img322308,4
img322661,2
img322914,4
img322992,5
img322997,5
img323187,4
img323258,4
img323295,5
img323298,4
img323479,5
img323839,2
img324369,4
img324432,4
img324539,5
img324575,5
img324737,4
img325094,4
img325181,5
img325233,3
img325259,5
img325297,4
img325337,4
img325403,2
img325598,3
img325746,4
img325996,5
img326151,1
img326271,3
img326282,3
img326364,5
img326490,5
img326587,3
img326897,4
img327020,5
img327107,3
img327202,5
img327788,5
img327828,5
img327893,5
img328036,5
img328072,4
img328174,4
img328490,3
img328497,4
img328762,5
img328824,4
img328914,5
img329034,4
img329800,4
img330153,3
img330160,2
img330192,3
img330246,5
img330559,3
img330650,5
img330742,5
img330747,3
img330872,4
img330978,3
img331332,5
img331398,4
img331798,5
img331811,4
img331847,5
img331972,4
img332339,5
img332480,4
img333240,4
img333373,4
img333376,5
img333417,5
img333533,5
img333788,4
img334031,2
img334181,4
img334226,5
img334261,3
img334268,4
img334324,5
img334563,5
img334910,5
img335025,5
img335079,4
img335332,3
img335355,5
img335408,5
img335455,5
img335523,1
img335550,5
img336045,4
img336051,4
img336307,5
img336441,4
img336764,5
img336765,4
img336823,5
img336965,5
img337100,5
img337488,2813
img338054,5
img338613,3
img339055,4
img339226,3
img339285,4
img339573,4
img339583,3
img339639,3
img339661,1
img339758,5
img339823,4
img339996,2
img340002,3
img340209,2
img340220,4
img340307,4
img340648,5
img340675,1
img340813,2
img341007,3
img341469,3
img341471,2
img341774,5
img341799,2
img341953,3
img342145,5
img343001,2
img343031,2
img343211,5
img343278,3
img343412,5
img343538,5
img343658,4
img343693,5
img343837,5
img344169,5
img344500,2
img344635,5
img344643,4
img344815,3
img344944,4
img345202,5
img345629,3
img345690,4
img345713,4
img345760,5
img345796,5
img345836,5
img345898,2
img346006,4
img346008,5
img346020,4
img346058,3
img346097,3
img346150,4
img346201,4
img346243,2
img346474,4
img346680,1
img346806,4
img346935,4
img347097,3
img347105,5
img347227,4
img347679,1
img347818,4
img347962,5
img347972,5
img348012,5
img348165,3
img348253,3
img348274,3
img348407,4
img348726,4
img348728,5
img348791,3
img348924,3
img349086,1
img349343,4
img349485,3
img349625,4
img349633,3
img350174,3
img350184,5
img350196,2
img350240,5
img350302,5
img350364,5
img350394,3
img350409,4
img350497,4
img350569,3
img350634,5
img350821,3
img350905,3
img351158,1
img351175,4
img351326,5
img351343,5
img352293,5
img352295,5
img352662,4
img352669,4
img353131,5
img353201,3
img353232,5
img353484,5
img353777,5
img353853,5
img353877,5
img354081,4
img354159,4
img354550,2
img354590,4
img354660,3
img355059,4
img355108,5
img355336,3
img355413,2
img355497,5
img355699,5
img355758,4
img355950,5
img356277,5
img356473,3
img356605,5
img356718,5
img356719,4
img356979,5
img357113,3
img357182,3
img357336,4
img357359,5
img357470,4
img357861,3
img358300,3
img358369,4
img358574,4
img358606,2
img358873,2
img359077,3
img359713,4
img359735,3
img359805,4
img359855,5
img360129,5
img360178,3
img360434,3
img360454,5
img360726,2
img360812,5
img361151,2
img361200,2
img361248,5
img361317,3
img361353,3
img361434,5
img361778,5
img362981,2
img362985,2
img363013,3
img363098,5
img363482,4
img363771,5
img364076,4
img364144,3
img364368,4
img364668,5
img364937,5
img364960,4
img365147,4
img365298,5
img365397,1
img365533,3
img365636,5
img365840,5
img365858,5
img366095,1
img366106,1
img366107,2
img366167,5
img366189,5
img366346,4
img366477,4
img366498,2
img366580,5
img366660,3
img366681,3
img366786,5
img366802,4
img367128,1
img367201,3
img367367,4
img367407,3
img367532,5
img367669,4
img367786,2
img368034,3
img368372,4
img368379,4
img368407,3
img368583,4
img368856,5
img368858,5
img368910,4
img369110,5
img369115,4
img369175,3
img369180,4
img369249,3
img369280,5
img369393,3
img369470,4
img369545,4
img369597,4
img369648,5
img370183,1
img370288,5
img370314,3
img370485,2
img370651,5
img371114,4
img371222,5
img371231,3
img371260,5
img371273,1
img371310,5
img371480,2
img371619,4
img371732,2
img371833,5
img372023,1
img372072,4
img372199,5
img372760,3
img372846,5
img373009,4
img373138,4
img373812,3
img374596,3
img374698,3
img374909,4
img375538,4
img375618,3
img375827,5
img375865,1
img375945,4
img375956,4
img376309,4
img376346,4
img376457,1
img376502,5
img376556,5
img376789,2
img376953,4
img377065,4
img377139,5
img377198,5
img377627,5
img377767,4
img377961,5
img378352,3
img378445,3
img378476,1
img378556,4
img378669,4
img378751,4
img378804,3
img378836,3
img378971,5
img379515,5
img379526,3
img379745,5
img379963,2
img380049,5
img380136,5
img380186,2
img380215,5
img380216,3
img380748,3
img380777,3
img380852,4
img381028,5
img381472,5
img381561,4
img381734,5
img381947,2
img382406,2
img382465,4
img382519,3
img382576,2
img382827,5
img382975,4
img383013,2
img383562,2
img383563,4
img383683,5
img383718,5
img383761,3
img383944,4
img384011,3
img384149,2
img384155,4
img384338,1
img384532,5
img384591,3
img384882,5
img384977,5
img385318,3
img385391,4
img385789,5
img385818,5
img385940,5
img386098,4
img386760,4
img386952,3
img386972,1
img387010,3
img387530,3
img387549,5
img387559,4
img387660,5
img387682,3
img387876,5
img387912,3
img387957,4
img387994,5
img388046,4
img388306,5
img388663,5
img388671,5
img388709,4
img389021,5
img389744,4
img389895,5
img390267,5
img390298,5
img390390,2
img390467,5
img390470,4
img390653,4
img390686,4
img390735,4
img390772,2
img390861,1
img390900,4
img390965,4
img391125,2
img391560,4
img391760,4
img391967,5
img392175,3
img392217,5
img392334,4
img392540,3
img392769,5
img392844,1
img392933,3
img393020,5
img393026,5
img393220,4
img393348,4
img393543,4
img393653,4
img394188,5
img394195,3
img394323,2
img394460,5
img394506,3
img394558,5
img394922,4
img394990,4
img395488,4
img395852,4
img396067,4
img396226,5
img396277,5
img396339,5
img396440,1
img396548,5
img396633,5
img396697,4
img396890,5
img397148,1
img397322,3
img397530,4
img397621,3
img397780,5
img397794,5
img397867,4
img397997,4
img398017,4
img398091,5
img398168,5
img398395,1
img398466,5
img398655,5
img398718,2
img398793,4
img398805,5
img399572,3
img399773,2
img399833,5
img399967,3
img400314,4
img400339,2
img400376,2
img400472,4
img400532,3
img400735,4
img400796,2
img400908,2
img400937,5
img400944,1
img401227,5
img401409,4
img401571,2
img401675,4
img401753,3
img401811,4
img402043,4
img402466,4
img402582,4
img402669,2
img402894,3
img403053,2
img403079,4
img403093,2
img403275,4
img403286,3
img403456,2
img403480,4
img403734,1
img403912,1
img404062,1
img404738,2
img404853,4
img405127,5
img405380,5
img405831,3
img405925,2
img405951,4
img406021,3
img406085,3
img406089,5
img406209,5
img406427,4
img406455,5
img406543,2
img406800,5
img407026,5
img407111,4
img407780,2
img407781,4
img408014,3
img408110,5
img408207,4
img408295,3
img408786,4
img409020,1
img409276,3
img409317,5
img409490,4
img409514,5
img409628,3
img409742,5
img409941,5
img409987,5
img410024,3
img410208,5
img410295,5
img410480,3
img410618,5
img410622,5
img410815,2
img410910,4
img411028,4
img411281,3
img411318,4
img411486,4
img411748,5
img411855,5
img411912,4
img411915,4
img412090,4
img412247,1
img412584,3
img413059,5
img413135,5
img413165,2
img413166,5
img413178,4
img413199,5
img413287,1
img413459,4
img413512,4
img413628,4
img413667,4
img414034,3
img414118,3
img414266,3
img414372,4
img414759,3
img414822,5
img414892,4
img414934,3
img415063,4
img415241,5
img415372,5
img415404,5
img415716,5
img416006,3
img416110,2
img416179,2
img416611,5
img416686,3
img416870,4
img417058,4
img417060,3
img417075,5
img417086,4
img417313,4
img417517,5
img417537,5
img417814,5
img417922,4
img418103,4
img418142,5
img418168,2
img418191,4
img418270,3
img418284,5
img418298,3
img418470,5
img418647,4
img419021,5
img419154,5
img419281,5
img419472,5
img419530,4
img419825,3
img420018,5
img420040,3
img420295,5
img420373,3
img420448,5
img420505,3
img420544,1
img420782,4
img420902,3
img420930,4
img420935,3
img420991,5
img421168,5
img421399,4
img421455,4
img421513,2
img421629,5
img421716,2
img421734,5
img421822,2
img421895,4
img421944,3
img422360,3
img422756,5
img422777,5
img422829,5
img423016,2
img423152,5
img423195,4
img423233,4
img423311,4
img423353,4
img423467,4
img423579,4
img423615,5
img423983,5
img424121,2
img424134,3
img424164,5
img424170,3
img424720,3
img425004,3
img425536,5
img425627,4
img425712,1
img425743,5
img425745,5
img425849,5
img425851,5
img426351,4
img426459,5
img426552,1
img426599,4
img426607,4
img426673,5
img426689,5
img426728,5
img426858,3
img426922,2
img426962,4
img427229,3
img427491,1
img427606,3
img427772,3
img428405,5
img428665,4
img428869,3
img428947,4
img430032,5
img430296,4
img430796,5
img431082,2
img431177,4
img431496,5
img431517,5
img431582,3
img431742,4
img431947,3
img432146,5
img432158,3
img432161,3
img432199,5
img432227,4
img432322,4
img432429,5
img432452,5
img432582,4
img432902,4
img432928,5
img433037,2
img433236,5
img433261,4
img433446,3
img433493,5
img433504,4
img433745,5
img433810,1
img433895,4
img434143,5
img434220,1
img434348,5
img434357,5
img434487,5
img434661,1
img434665,5
img434824,4
img435003,4
img435012,4
img435114,4
img435148,4
img435463,5
img435514,5
img435579,4
img435614,4
img435652,4
img435770,3
img435774,4
img435836,5
img435912,4
img435948,4
img436100,5
img436224,3
img436604,5
img436632,4
img436659,3
img436697,3
img436797,1
img436988,5
img437027,3
img437040,2
img437199,5
img437288,4
img437402,2
img437582,3
img437644,5
img437657,5
img437690,5
img437720,2
img437981,5
img438111,2
img438131,5
img438530,3
img438583,3
img438803,5
img438824,3
img439213,5
img439247,5
img439503,2
img439693,4
img439940,3
img439980,5
img440029,5
img440240,5
img440262,4
img440333,4
img440348,5
img440456,3
img440463,4
img440481,5
img440503,5
img440515,5
img440618,1
img440683,5
img440897,5
img441167,5
img441418,4
img441484,2
img441491,5
img441592,5
img441620,4
img441836,5
img442070,5
img442074,5
img442173,4
img442210,4
img442263,5
img442292,5
img442465,5
img442478,5
img442491,2
img443044,3
img443094,3
img443133,4
img443230,3
img443259,5
img443349,3
img443386,4
img443458,5
img443541,4
img443724,4
img443789,3
img443794,4
img443796,5
img443827,2
img444022,5
img444023,5
img444447,4
img444499,2
img444501,2
img444707,5
img444810,5
img445060,5
img445157,5
img445575,4
img445844,4
img445943,5
img446088,5
img446455,3
img446767,4
img446876,3
img447197,3
img447710,4
img447745,4
img447835,4
img447869,5
img447974,3
img448236,4
img448265,2
img448759,5
img448767,2
img449050,5
img449285,3
img449394,4
img449655,5
img449824,2
img449833,3
img449857,3
img449858,1
img450077,4
img450081,5
img450105,4
img450512,4
img450526,3
img450535,4
img450709,4
img451119,4
img451132,4
img451141,3
img451153,3
img451218,5
img451363,5
img451436,4
img451697,4
img451857,5
img451871,5
img452083,4
img452186,2
img452262,5
img452732,2
img452776,2
img452992,4
img453105,5
img453202,3
img453362,5
img453578,4
img453701,5
img453860,2
img453909,3
img454048,5
img454434,3
img454538,5
img454549,5
img454707,5
img455357,2
img455568,5
img455619,4
img455660,5
img455817,5
img455876,4
img456003,5
img456132,5
img456133,5
img456287,3
img456924,3
img456992,2
img457024,5
img457254,2
img457350,5
img457515,3
img457609,4
img457667,4
img457716,4
img457719,1
img458006,4
img458175,4
img458269,4
img458524,5
img458678,5
img458800,4
img458897,5
img458986,4
img459165,4
img459231,5
img459243,5
img459512,4
img459591,3
img459852,5
img459957,3
img460210,4
img460268,4
img460497,2
img460631,5
img460747,4
img460781,3
img460846,1
img460931,4
img460940,2
img460977,5
img461124,5
img461236,2
img461309,5
img461366,5
img461438,5
img461620,5
img461716,5
img461953,4
img462008,2
img462128,4
img462277,3
img462493,4
img462570,3
img462905,5
img462952,3
img463041,5
img463118,2
img463335,4
img463391,3
img463578,2
img463886,3
img464157,4
img464556,4
img464679,3
img464706,5
img464709,5
img464715,2
img464837,4
img464949,5
img464975,4
img465679,4
img465940,4
img466329,4
img466420,5
img466438,5
img466443,1
img466450,4
img466473,5
img466707,5
img467187,3
img467900,4
img468165,2
img468532,4
img468556,5
img468677,2
img468743,2
img468877,4
img468888,3
img469010,5
img469045,5
img469137,5
img469188,5
img469233,5
img469256,5
img469501,4
img469613,4
img469727,4
img469945,4
img470030,4
img470222,4
img470279,5
img470375,5
img470378,3
img470488,5
img470499,3
img470511,5
img470548,2
img470581,4
img470701,5
img470803,5
img470946,4
img471119,5
img471496,5
img471498,4
img471514,5
img472046,4
img472074,5
img472311,3
img472360,5
img472416,3
img472479,5
img472492,3
img472807,5
img472887,3
img472954,3
img472972,3
img472983,2
img473117,1
img473620,3
img474083,4
img474094,5
img474105,4
img474523,5
img474836,3
img475032,4
img475111,5
img475184,4
img475217,5
img475456,4
img475537,4
img475600,4
img475943,5
img476105,3
img476226,4
img476443,3
img476482,5
img476775,4
img477050,5
img477080,5
img477121,2
img477148,5
img477392,4
img477703,2
img477829,2
img477855,5
img477888,5
img477892,3
img478360,3
img478402,4
img478596,4
img478655,5
img478881,5
img479182,3
img479482,5
img479513,5
img479552,3
img480000,5
img480031,2
img480426,4
img480542,5
img480604,4
img480945,3
img481016,2
img481334,5
img481340,5
img481476,4
img481582,5
img481649,5
img481713,5
img481887,4
img481922,4
img482120,4
img482488,5
img482520,5
img482770,5
img482953,4
img482955,5
img483085,3
img483122,4
img483715,5
img483834,5
img483972,5
img484007,4
img484081,5
img484112,3
img484158,5
img484278,4
img484482,4
img484519,3
img484979,4
img484998,1
img485308,5
img485371,4
img485602,5
img485940,3
img485969,4
img486342,3
img486417,4
img486424,4
img486442,5
img486528,2
img486637,4
img486684,5
img486732,2
img486766,5
img486868,5
img486869,2
img486930,5
img487010,5
img487043,5
img487283,4
img487500,4
img487580,2
img487590,1
img487647,3
img487769,4
img487823,4
img487837,4
img487964,5
img488217,2
img488236,5
img488464,2
img488495,5
img488770,5
img489194,5
img489385,1
img489579,1
img489584,5
img490528,3
img491001,5
img491042,5
img491084,5
img491250,4
img491268,4
img491302,3
img491520,3
img491795,2
img491909,2
img491961,5
img492069,4
img492094,3
img492515,3
img492594,5
img492818,5
img493000,2
img493049,5
img493097,4
img493146,5
img493215,3
img493262,5
img493296,3
img493530,5
img493531,5
img493602,4
img494033,5
img494245,5
img494260,4
img494280,3
img494528,5
img494599,3
img494764,2
img494865,5
img494879,5
img495000,2
img495044,5
img495062,3
img495122,3
img495172,5
img495192,4
img495329,2
img495387,1
img495427,3
img495456,5
img495871,3
img495919,4
img496071,5
img496077,4
img496362,5
img496378,5
img496405,4
img496466,5
img496468,3
img496597,3
img496654,2
img496671,5
img496816,3260
img496822,5
img497081,4
img497113,3
img497457,5
img497593,4
img497775,4
img497808,3
img498028,3
img498060,5
img498325,5
img498377,5
img498861,3
img498946,5
img499500,3
img499509,5
img499546,3
img499736,4
img499879,5
img500054,1
img500116,2
img500118,3
img500214,5
img500219,2
img500266,5
img500457,1
img500522,5
img500636,5
img500648,3
img501000,3
img501021,5
img501327,4
img501449,3
img501496,5
img501544,3
img501545,5
img501588,2
img501630,4
img501703,3
img501898,4
img502021,4
img502752,3
img502885,1
img502944,4
img503024,5
img503266,5
img503274,5
img503325,2
img503671,4
img504146,5
img504158,5
img504170,3
img504199,4
img504329,5
img504453,3
img504776,4
img504793,5
img505266,1
img505411,2
img505504,3
img505662,4
img505740,5
img505817,2
img506472,4
img506848,4
img506948,5
img507224,5
img507246,4
img507344,4
img507433,5
img508217,5
img508276,3
img508284,3
img508448,5
img508616,1
img508755,4
img509024,4
img509035,3
img509052,5
img509174,5
img509266,4
img509416,4
img509427,4
img509550,2
img509659,3
img509722,5
img509750,4
img509798,5
img509885,4
img509892,3
img509995,4
img510044,4
img510157,5
img510202,2
img510524,4
img510838,3
img510936,4
img511174,5
img511242,5
img511302,3
img511363,1
img511760,4
img511899,5
img512228,5
img512246,5
img512455,5
img512575,4
img512997,1
img513024,3
img513504,5
img513642,2
img513734,4
img513829,5
img514020,2
img514135,3
img514150,5
img514227,3
img514810,4
img515032,5
img515111,3
img515163,5
img515450,4
img515600,5
img515667,3
img515892,5
img515978,4
img516003,5
img516109,5
img516231,4
img516261,4
img516397,5
img516592,4
img516743,4
img516866,4
img516868,5
img517003,4
img517024,4
img517299,5
img517419,5
img517659,3
img518184,4
img518555,2
img518769,3
img519077,5
img519083,4
img519086,5
img519232,4
img519340,4
img519400,4
img519667,5
img519740,5
img519794,4
img519940,4
img520064,4
img520087,3
img520343,3
img520503,2
img520859,4
img521139,5
img521231,5
img521585,5
img521589,4
img521726,4
img521845,4
img522253,3
img522260,3
img522529,5
img522978,2
img523174,4
img523206,5
img523292,5
img523395,3
img523445,5
img523803,5
img523886,2
img523916,3
img524045,5
img524083,5
img524227,4
img524397,5
img524427,1
img524501,5
img524546,4
img524615,5
img524621,5
img524749,5
img525011,4
img525269,5
img525361,5
img525400,3
img525502,2
img525530,2
img525675,5
img525690,5
img525827,5
img526165,5
img526292,1
img526298,4
img526429,5
img526823,5
img526911,5
img526915,5
img526931,5
img527162,3
img527281,1
img527337,3
img527365,2
img527406,1
img527425,5
img527894,3
img528020,5
img528223,4
img528397,5
img528705,5
img528777,4
img528946,3
img529104,3
img529285,2
img529390,3
img529539,5
img529970,3
img530132,4
img530687,1
img530908,5
img530958,3
img531195,4
img531210,2
img531568,3
img531694,5
img531949,5
img531971,3
img532049,5
img532137,3
img532186,4
img532392,4
img532480,4
img532635,4
img532685,5
img532769,4
img532780,4
img533198,3
img533347,4
img533354,4
img533381,2
img533467,5
img533514,5
img533660,5
img533768,5
img533835,4
img534065,5
img534108,3
img534231,5
img535353,5
img535359,5
img535421,5
img535455,2
img535545,4
img535563,3
img535654,4
img535887,5
img535913,2
img536071,4
img536451,2
img536474,4
img536504,4
img536716,4
img536791,5
img536856,3
img536882,3
img536884,5
img537164,3
img537776,5
img537984,2
img538004,5
img538256,5
img538321,3
img538398,5
img538517,5
img538568,5
img538752,5
img538829,3
img538831,2
img539047,3
img539434,3
img539887,5
img539928,3
img540028,1
img540072,2
img540121,5
img540186,5
img540300,3
img540308,5
img540343,4
img540528,5
img540783,2
img540859,3
img541047,3
img541615,1
img541650,3
img541674,4
img541680,4
img541892,4
img541923,4
img542210,4
img542411,5
img542489,5
img542636,5
img542644,3
img542959,4
img543277,4
img543286,4
img543304,4
img543371,4
img543802,5
img544012,5
img544241,5
img544257,3
img544380,4
img544439,3
img544513,5
img544537,5
img544562,2
img544773,5
img544791,2
img544935,5
img545181,4
img545552,4
img545554,4
img545608,4
img545840,5
img545905,4
img546322,5
img546336,3
img546356,4
img546384,2
img546535,3
img546606,4
img546642,5
img546819,5
img546821,3
img547152,4
img547180,2
img547215,5
img547342,4
img547454,5
img547508,4
img547543,5
img547605,5
img547644,5
img547980,4
img548063,5
img548134,3
img548393,3
img548557,5
img548746,4
img548845,4
img548902,5
img548983,2
img549065,4
img549133,3
img549173,3
img549341,5
img549509,4
img549593,5
img549599,2
img549651,5
img549697,4
img549744,2
img549879,5
img550027,2
img550080,3
img550143,5
img550235,2
img550247,2
img550381,4
img550421,4
img550423,3
img550600,5
img550840,5
img551091,5
img551368,5
img551372,4
img551373,4
img551415,5
img551496,1
img551571,5
img551638,5
img551643,4
img551726,5
img551747,4
img551810,5
img551904,2
img551960,2
img552112,5
img552234,5
img552310,4
img552703,1
img553364,5
img553394,4
img553417,2
img553458,3
img553549,5
img553894,5
img553926,2
img554047,5
img554194,2
img554447,3
img554499,4
img554781,2
img554856,4
img555005,5
