epoch,lr,train_loss,train_cosine_loss,train_mse_loss,val_loss,val_cosine_loss,val_mse_loss,val_cosine_mean,val_cosine_std,val_cosine_median,val_cosine_p05,val_cosine_p95,val_cosine_min,val_cosine_max,val_l2_mean,val_l2_median,val_angle_deg_mean,val_angle_deg_median
1,0.0001009090909090909,0.7491086805888585,0.7461938593047006,0.002914819919105087,0.5951806759153093,0.5928647959572928,0.0023158782624772617,0.4071351885795593,0.10747842490673065,0.40405145287513733,0.23395554721355438,0.5920389294624329,-0.021448291838169098,0.7746690511703491,1.0842194557189941,1.091740369796753,65.78600311279297,66.16829681396484
2,0.0002009090909090909,0.5445332412379129,0.5424144370896475,0.0021188065391033887,0.4838932141917092,0.4820103618076869,0.0018828531688611422,0.5179896354675293,0.10242392867803574,0.519656240940094,0.3485783040523529,0.6855800747871399,0.04568412899971008,0.8325203061103821,0.9760913848876953,0.9801467657089233,58.542232513427734,58.6907958984375
3,0.0003009090909090909,0.4641193338121687,0.46231341988699776,0.001805911945445197,0.43712370552335467,0.43542283310209,0.0017008706178250057,0.5645771622657776,0.09936866164207458,0.5684194564819336,0.39514651894569397,0.721318781375885,0.022764313966035843,0.868154764175415,0.9269540905952454,0.9290646314620972,55.33444595336914,55.35991668701172
4,0.0004009090909090909,0.4245212623051235,0.4228694301332746,0.001651833909164582,0.4183985306535448,0.4167705206189837,0.0016280100279088532,0.5832294821739197,0.10046949237585068,0.5877986550331116,0.4149581491947174,0.7396280765533447,-0.0014531537890434265,0.880146861076355,0.9062011241912842,0.9079662561416626,53.99939727783203,53.999046325683594
5,0.0005009090909090909,0.39983720118658883,0.39828141396386285,0.001555786940136126,0.4077031160422734,0.4061167225156512,0.0015863936120378119,0.593883216381073,0.10019911080598831,0.5981475114822388,0.42046061158180237,0.7497223615646362,0.02762593701481819,0.8786550164222717,0.8942469954490662,0.8964959979057312,53.231929779052734,53.262657165527344
6,0.000600909090909091,0.3800566039425986,0.3785777837208339,0.0014788196278469902,0.4019731980732509,0.40040909937449864,0.0015640982034217034,0.5995908379554749,0.10057816654443741,0.6040647029876709,0.42682236433029175,0.7570497989654541,0.02627699077129364,0.8834069967269897,0.8876780271530151,0.8898711204528809,52.812625885009766,52.83842468261719
7,0.0007009090909090909,0.362328825712204,0.3609189861161368,0.0014098399539611169,0.40100360890797204,0.39944328233173915,0.0015603254436116134,0.6005566120147705,0.10414087027311325,0.6056053638458252,0.4199697971343994,0.7618178129196167,-0.005802914500236511,0.8877416253089905,0.8860417008399963,0.8881381750106812,52.71641540527344,52.72758483886719
8,0.000800909090909091,0.34541835039002555,0.34407431057521276,0.001344040446116456,0.4048743621621813,0.4032989773750305,0.001575386743992567,0.5967010259628296,0.10640749335289001,0.6021331548690796,0.4152214527130127,0.7634705305099487,0.04879406467080116,0.8912938237190247,0.8900919556617737,0.8920389413833618,52.9808349609375,52.97716522216797
9,0.0009009090909090909,0.3291451782839639,0.32786445849282403,0.0012807207482733896,0.4074287265709468,0.40584339918409074,0.0015853259200230242,0.5941566228866577,0.10979013890028,0.5987177491188049,0.40520867705345154,0.7663685083389282,0.048206720501184464,0.891729474067688,0.8924816250801086,0.8958596587181091,53.141998291015625,53.22187805175781
10,0.001,0.3132354301725115,0.31201661614009313,0.0012188151244606291,0.41202320766448974,0.41042000477654594,0.0016032033196783492,0.5895799994468689,0.1131465882062912,0.5942631363868713,0.3921065926551819,0.7687646150588989,0.06874574720859528,0.8962308168411255,0.8971304893493652,0.900818407535553,53.44839859008789,53.539878845214844
11,0.0009999316524962345,0.2953360948222024,0.29418692772729055,0.0011491678615233728,0.4129417217799595,0.4113349404335022,0.001606777284294367,0.5886650681495667,0.115912064909935,0.5938150882720947,0.39205801486968994,0.7738403677940369,-0.0144462576135993,0.909984827041626,0.8976791501045227,0.9013155698776245,53.4910888671875,53.5717887878418
12,0.000999726628670463,0.27281569749968393,0.2717541581562587,0.0010615398539230228,0.4157850975309099,0.41416725744519917,0.0016178410026643957,0.5858327150344849,0.11884301900863647,0.5902986526489258,0.38329577445983887,0.7765966057777405,0.020648930221796036,0.9322832822799683,0.9003614783287048,0.9052087068557739,53.67121505737305,53.82179260253906
13,0.0009993849845741523,0.25167419324602397,0.25069491706575664,0.0009792771999325072,0.4170671935762678,0.4154443655695234,0.0016228297347468989,0.5845555663108826,0.12080392986536026,0.5886886119842529,0.37946444749832153,0.7807677984237671,0.026042133569717407,0.9224339723587036,0.901409924030304,0.9069856405258179,53.74430465698242,53.93599319458008
14,0.0009989068136093873,0.23338261706488472,0.23247451305389405,0.0009081037723060165,0.4203642896243504,0.4187286305427551,0.0016356588492968253,0.5812713503837585,0.12369199097156525,0.5836524963378906,0.3721174895763397,0.7802573442459106,0.01862892135977745,0.9251788854598999,0.9045864343643188,0.9125211238861084,53.95656967163086,54.292144775390625
15,0.000998292246503335,0.2176620727096285,0.21681513963426863,0.00084693433384278,0.4221472858360836,0.42050468819481984,0.0016425965830151523,0.5794953107833862,0.12583455443382263,0.5809009075164795,0.3673623502254486,0.7843659520149231,0.0426739938557148,0.9304869174957275,0.9061855673789978,0.9155316352844238,54.065673828125,54.48606872558594
16,0.0009975414512725057,0.20416931218760354,0.20337487867900303,0.0007944333026451724,0.4233922817707062,0.42174484307425364,0.0016474410316773824,0.5782551765441895,0.12603910267353058,0.5800777077674866,0.3687399625778198,0.7851407527923584,0.027141880244016647,0.9383037090301514,0.9074770212173462,0.9164304137229919,54.149715423583984,54.54399108886719
17,0.0009966546331768192,0.192860810143607,0.1921103788103376,0.0007504313918761909,0.4252704484803336,0.42361570038114277,0.0016547490368996347,0.5763843059539795,0.12704375386238098,0.5774579644203186,0.3654775023460388,0.786961555480957,0.014186831191182137,0.9256523251533508,0.909355878829956,0.9192846417427063,54.27372741699219,54.728050231933594
18,0.0009956320346634876,0.1830774848972048,0.18236512095587595,0.0007123639563630734,0.4266437757355826,0.42498368494851246,0.0016600925931707024,0.5750163197517395,0.12759335339069366,0.5766064524650574,0.3647668957710266,0.7854905724525452,0.03160029649734497,0.9392129182815552,0.910751461982727,0.9202104210853577,54.365394592285156,54.78778839111328
19,0.0009944739353007343,0.17470257364000594,0.17402279649462019,0.0006797767228979085,0.4274962777069637,0.4258328686441694,0.0016634098021313549,0.5741671323776245,0.12848755717277527,0.5753900408744812,0.3609808087348938,0.79092937707901,0.03855329006910324,0.941692590713501,0.9115124344825745,0.9215312004089355,54.417240142822266,54.873046875
20,0.0009931806517013613,0.16720448338985444,0.16655388164520263,0.0006506012865076107,0.4283304557800293,0.4266638000352042,0.001666655610847686,0.5733361840248108,0.12887772917747498,0.5733424425125122,0.36118000745773315,0.7887575030326843,0.04632672667503357,0.9407109022140503,0.9123256206512451,0.9237505793571472,54.4710807800293,55.01636505126953
21,0.0009917525374361913,0.16068897378444671,0.16006372444970268,0.0006252491051065071,0.42989577889442443,0.4282230353355408,0.0016727463765335935,0.5717769861221313,0.12995892763137817,0.5714887976646423,0.3563035726547241,0.7900155782699585,0.02897423692047596,0.9351998567581177,0.9138458967208862,0.9257550835609436,54.57240295410156,55.14588928222656
22,0.0009901899829374047,0.1550704585994993,0.1544670719419207,0.0006033872037327716,0.42963757269723074,0.42796583230154855,0.0016717416886240244,0.5720341801643372,0.13019634783267975,0.5716913938522339,0.3591350018978119,0.7920820713043213,0.03638610988855362,0.9438126683235168,0.9134945869445801,0.9255362749099731,54.55065155029297,55.131736755371094
23,0.0009884934153917997,0.14997822972706387,0.14939465659005302,0.000583573090311672,0.4303117014339992,0.4286373405456543,0.0016743648045563272,0.5713626146316528,0.1302686482667923,0.5703104734420776,0.35524094104766846,0.7930657863616943,0.04256080463528633,0.9486764669418335,0.9142236113548279,0.9270271062850952,54.5979118347168,55.228118896484375
24,0.000986663298624003,0.14541805902549199,0.1448522297995431,0.0005658292292085078,0.4316557834829603,0.42997619104385376,0.001679594655388168,0.570023775100708,0.13087286055088043,0.5698912143707275,0.3511163592338562,0.7919396162033081,0.02994105964899063,0.9322773218154907,0.9156208038330078,0.9274791479110718,54.68964767456055,55.257354736328125
25,0.0009847001329696653,0.14129681726864407,0.14074702371869768,0.0005497932372880833,0.4315434285913195,0.42986427184513637,0.001679157470885132,0.5701357126235962,0.1307462751865387,0.5694401264190674,0.3561539947986603,0.7927993535995483,0.047423429787158966,0.953733503818512,0.9154372215270996,0.927965521812439,54.677974700927734,55.28880310058594
26,0.0009826044551386743,0.13751813634804316,0.1369830457142421,0.000535090209916234,0.432146853855678,0.4304653491292681,0.0016815054347472532,0.5695346593856812,0.1315150409936905,0.5682548880577087,0.35335052013397217,0.7953855991363525,0.046551842242479324,0.9419469833374023,0.9159853458404541,0.9292417764663696,54.715572357177734,55.371376037597656
27,0.0009803768380684242,0.13430145682607378,0.13377888311658587,0.0005225739495030472,0.4331816178730556,0.4314960863249642,0.0016855317461969598,0.5685039162635803,0.1313886046409607,0.5667388439178467,0.3568981885910034,0.7943257093429565,0.05540447309613228,0.9441247582435608,0.9170979857444763,0.930871844291687,54.78730392456055,55.47686767578125
28,0.0009780178907671788,0.13123527666500637,0.1307246335574559,0.0005106433072526541,0.43309511201722284,0.4314099197387695,0.001685195174999535,0.5685900449752808,0.1313219964504242,0.5668903589248657,0.35495084524154663,0.7922655940055847,0.044886961579322815,0.9496158361434937,0.9170152544975281,0.9307089447975159,54.781776428222656,55.466331481933594
29,0.0009755282581475768,0.1283237990311214,0.1278244845526559,0.0004993145835718939,0.43285199519566125,0.4311677454539708,0.0016842491874205215,0.5688322186470032,0.13109642267227173,0.5665572881698608,0.3524456024169922,0.792857825756073,0.05536193400621414,0.947637677192688,0.9167904853820801,0.9310668706893921,54.766544342041016,55.48949432373047
30,0.0009729086208503173,0.1256999075923647,0.1252108028956822,0.000489104892260262,0.433554705449513,0.43186772223881315,0.001686983411998621,0.5681322813034058,0.13186557590961456,0.564480721950531,0.3528858721256256,0.793624758720398,0.052044324576854706,0.9491554498672485,0.9174059629440308,0.9332945346832275,54.808773040771484,55.633758544921875
31,0.0009701596950580807,0.12336593798228672,0.12288591507502965,0.00048002329442117895,0.4339194917678833,0.43223108870642524,0.0016884028379406247,0.567768931388855,0.1317131072282791,0.5657728910446167,0.3527204394340515,0.7936416268348694,0.05691339820623398,0.9471209645271301,0.9178324341773987,0.9319089651107788,54.8358154296875,55.54401779174805
32,0.0009672822322997304,0.12129574370384216,0.12082377570016044,0.00047196806468335645,0.433657961334501,0.4319705781936646,0.0016873852271320564,0.5680294036865234,0.13202691078186035,0.5656260251998901,0.35393157601356506,0.7951144576072693,0.032075509428977966,0.9460314512252808,0.9174758195877075,0.9320665001869202,54.81388473510742,55.554222106933594
